volume,coll_area,r_level,design_case,flow_rate,flow_factor
0.2,20.0,r1,cp_PV,200,1
0.2,20.0,r0,cp_PV,200,1
0.25,20.0,r0,cp_PV,200,1
0.25,4.0,r0,cp_PV,200,1
0.25,0.001,r0,cp_PV,200,1
0.25,16.0,r0,cp_PV,200,1
0.25,16.0,r1,cp_PV,200,1
0.2,16.0,r1,cp_PV,200,1
0.2,4.0,r0,cp_PV,200,1
0.2,4.0,r1,cp_PV,200,1
0.2,20.0,r1,cp_PV,200,1
0.15,20.0,r1,cp_PV,200,1
0.25,0.001,r0,cp_PV,200,1
0.2,0.001,r0,cp_PV,200,1
0.2,0.001,r1,cp_PV,200,1
0.2,16.0,r1,cp_PV,200,1
0.2,20.0,r0,cp_PV,200,1
0.2,4.0,r0,cp_PV,200,1
0.2,4.0,r1,cp_PV,200,1
0.15,4.0,r1,cp_PV,200,1
0.15,16.0,r0,cp_PV,200,1
0.2,16.0,r0,cp_PV,200,1
0.2,0.001,r0,cp_PV,200,1
0.2,0.001,r1,cp_PV,200,1
0.25,4.0,r1,cp_PV,200,1
0.25,20.0,r1,cp_PV,200,1
0.25,20.0,r0,cp_PV,200,1
0.2,20.0,r0,cp_PV,200,1
0.2,4.0,r0,cp_PV,200,1
0.25,4.0,r0,cp_PV,200,1
0.25,4.0,r1,cp_PV,200,1
0.25,20.0,r1,cp_PV,200,1
0.2,20.0,r0,cp_PV,200,1
0.2,4.0,r0,cp_PV,200,1
0.15,4.0,r0,cp_PV,200,1
0.15,4.0,r1,cp_PV,200,1
0.2,16.0,r0,cp_PV,200,1
0.2,0.001,r0,cp_PV,200,1
0.15,0.001,r0,cp_PV,200,1
0.15,0.001,r1,cp_PV,200,1
0.2,0.001,r1,cp_PV,200,1
0.15,0.001,r1,cp_PV,200,1
0.15,0.001,r0,cp_PV,200,1
0.15,16.0,r0,cp_PV,200,1
0.25,4.0,r0,cp_PV,200,1
0.25,4.0,r1,cp_PV,200,1
0.2,4.0,r1,cp_PV,200,1
0.2,20.0,r1,cp_PV,200,1
0.15,4.0,r0,cp_PV,200,1
0.2,4.0,r0,cp_PV,200,1
0.2,20.0,r0,cp_PV,200,1
0.2,20.0,r1,cp_PV,200,1
0.25,4.0,r0,cp_PV,200,1
0.25,20.0,r0,cp_PV,200,1
0.2,20.0,r0,cp_PV,200,1
0.2,20.0,r1,cp_PV,200,1
0.15,20.0,r1,cp_PV,200,1
0.15,20.0,r0,cp_PV,200,1
0.2,20.0,r0,cp_PV,200,1
0.2,4.0,r0,cp_PV,200,1
0.2,4.0,r0,cp_PV,200,1
0.2,4.0,r1,cp_PV,200,1
0.2,20.0,r1,cp_PV,200,1
0.25,20.0,r1,cp_PV,200,1
