volume,coll_area,design_case,r_level,flow_rate
0.1,8.0,cp_PV,r0,200
0.1,0.001,cp_PV,r0,200
0.3,0.001,cp_PV,r0,200
0.3,16.0,cp_PV,r0,200
0.3,4.0,cp_PV,r0,200
0.1,4.0,cp_PV,r0,200
0.2,8.0,cp_PV,r0,200
0.2,0.001,cp_PV,r0,200
0.4,0.001,cp_PV,r0,200
0.1,4.0,cp_PV,r0,200
0.3,4.0,cp_PV,r0,200
0.3,16.0,cp_PV,r0,200
0.3,16.0,cp_PV,r0,200
0.1,16.0,cp_PV,r0,200
0.1,4.0,cp_PV,r0,200
0.3,8.0,cp_PV,r0,200
0.1,8.0,cp_PV,r0,200
0.1,0.001,cp_PV,r0,200
0.4,16.0,cp_PV,r0,200
0.4,4.0,cp_PV,r0,200
0.2,4.0,cp_PV,r0,200
0.4,0.001,cp_PV,r0,200
0.4,8.0,cp_PV,r0,200
0.2,8.0,cp_PV,r0,200
0.3,0.001,cp_PV,r0,200
0.1,0.001,cp_PV,r0,200
0.1,8.0,cp_PV,r0,200
0.4,0.001,cp_PV,r0,200
0.4,8.0,cp_PV,r0,200
0.2,8.0,cp_PV,r0,200
0.4,8.0,cp_PV,r0,200
0.2,8.0,cp_PV,r0,200
0.2,0.001,cp_PV,r0,200
0.2,8.0,cp_PV,r0,200
0.4,8.0,cp_PV,r0,200
0.4,0.001,cp_PV,r0,200
0.3,4.0,cp_PV,r0,200
0.3,16.0,cp_PV,r0,200
0.1,16.0,cp_PV,r0,200
0.3,0.001,cp_PV,r0,200
0.3,8.0,cp_PV,r0,200
0.1,8.0,cp_PV,r0,200
0.1,16.0,cp_PV,r0,200
0.1,4.0,cp_PV,r0,200
0.3,4.0,cp_PV,r0,200
0.1,16.0,cp_PV,r0,200
0.3,16.0,cp_PV,r0,200
0.3,4.0,cp_PV,r0,200
